Title, Image, Link, Price, Reviews, Stars
"Amazon Brand – Rivet Modern Hexagon Honeycomb Floating Wall Shelf Unit with Glass Shelves - 28 x 28 x 6 Inch, Gold","https://m.media-amazon.com/images/I/71ZaLJOFRnL._AC_UL320_.jpg","https://amazon.com/gp/slredirect/picassoRedirect.html/ref=pa_sp_atf_aps_sr_pg1_1?ie=UTF8&adId=A04060171CA25MYQK66ZE&url=%2FRivet-Modern-Hexagonal-Honeycomb-Shelves%2Fdp%2FB07HSPHZXD%2Fref%3Dsr_1_1_sspa%3Fcrid%3D36QNR0DBY6M7J%26keywords%3Dshelves%26qid%3D1636345252%26refresh%3D1%26sprefix%3Ds%252Caps%252C309%26sr%3D8-1-spons%26psc%3D1&qualifier=1636345253&id=6343534374233994&widgetName=sp_atf","$59.49","592","4.8 out of 5 stars"
"Hammond Manufacturing RSVS1921CG1 PULLOUT 19 SHELF - VENTED 21""","https://m.media-amazon.com/images/I/41zdBWiWLHL._AC_UL320_.jpg","https://amazon.com/gp/slredirect/picassoRedirect.html/ref=pa_sp_atf_aps_sr_pg1_1?ie=UTF8&adId=A060069739YVRH0G7ESM&url=%2FHammond-Manufacturing-RSVS1921CG1-PULLOUT-SHELF%2Fdp%2FB005T6D8RC%2Fref%3Dsr_1_2_sspa%3Fcrid%3D36QNR0DBY6M7J%26keywords%3Dshelves%26qid%3D1636345252%26refresh%3D1%26sprefix%3Ds%252Caps%252C309%26sr%3D8-2-spons%26psc%3D1%26smid%3DA27DQ1MYX0ZHOT&qualifier=1636345253&id=6343534374233994&widgetName=sp_atf","$140.75","Only 4 left in stock - order soon."
"Amazon Basics 4-Shelf Adjustable, Heavy Duty Storage Shelving Unit (350 lbs loading capacity per shelf), Steel Organizer Wire Rack, Black (36L x 14W x 54H)","https://m.media-amazon.com/images/I/71ib-+m7lJL._AC_UL320_.jpg","https://amazon.com/AmazonBasics-4-Shelf-Shelving-Unit-Black/dp/B01LYBQXRH/ref=sr_1_3?crid=36QNR0DBY6M7J&keywords=shelves&qid=1636345252&qsid=146-4874834-4552204&refresh=1&sprefix=s%2Caps%2C309&sr=8-3&sres=B01LYBQXRH%2CB07281KYSS%2CB082CS6JVK%2CB08NSFV92Z%2CB074NH61RT%2CB0895Z7BZY%2CB014OE6JCU%2CB07PQHNXMJ%2CB08HLJCYYX%2CB081XZR5FY%2CB07B656H5P%2CB0083ESFA2%2CB01GIJBK50%2CB088ZYNX1J%2CB08XC211KF%2CB093BB5YHS%2CB077GQ87NP%2CB08R8GF1XR%2CB08LNCJ2H6%2CB004EJY806&srpt=SHELF","$65.97","88,396","4.7 out of 5 stars"
"Amazon Basics 4-Shelf Heavy Duty Shelving Storage Unit on 3'' Wheel Casters, Metal Organizer Wire Rack, 36"L x 14"W x 57.75"H - Black","https://m.media-amazon.com/images/I/81OKRL1OnBL._AC_UL320_.jpg","https://amazon.com/AmazonBasics-4-Shelf-Shelving-Casters-Black/dp/B07281KYSS/ref=sr_1_4?crid=36QNR0DBY6M7J&keywords=shelves&qid=1636345252&qsid=146-4874834-4552204&refresh=1&sprefix=s%2Caps%2C309&sr=8-4&sres=B01LYBQXRH%2CB07281KYSS%2CB082CS6JVK%2CB08NSFV92Z%2CB074NH61RT%2CB0895Z7BZY%2CB014OE6JCU%2CB07PQHNXMJ%2CB08HLJCYYX%2CB081XZR5FY%2CB07B656H5P%2CB0083ESFA2%2CB01GIJBK50%2CB088ZYNX1J%2CB08XC211KF%2CB093BB5YHS%2CB077GQ87NP%2CB08R8GF1XR%2CB08LNCJ2H6%2CB004EJY806&srpt=SHELF","$58.30","50,372","4.7 out of 5 stars"
"AMADA HOMEFURNISHING Floating Shelves Wall Mounted Set of 3, Rustic Wood Wall Shelves for Bedroom, Bathroom, Living Room, Kitchen, Laundry Room Storage & Decoration, Gray","https://m.media-amazon.com/images/I/61Huv14oWjS._AC_UL320_.jpg","https://amazon.com/Floating-Shelves-Paulownia-Bathroom-Farmhouse/dp/B082CS6JVK/ref=sr_1_5?crid=36QNR0DBY6M7J&keywords=shelves&qid=1636345252&qsid=146-4874834-4552204&refresh=1&sprefix=s%2Caps%2C309&sr=8-5&sres=B01LYBQXRH%2CB07281KYSS%2CB082CS6JVK%2CB08NSFV92Z%2CB074NH61RT%2CB0895Z7BZY%2CB014OE6JCU%2CB07PQHNXMJ%2CB08HLJCYYX%2CB081XZR5FY%2CB07B656H5P%2CB0083ESFA2%2CB01GIJBK50%2CB088ZYNX1J%2CB08XC211KF%2CB093BB5YHS%2CB077GQ87NP%2CB08R8GF1XR%2CB08LNCJ2H6%2CB004EJY806&srpt=SHELF","$19.99$29.99","9,186","4.5 out of 5 stars"
"YGEOMER Floating Shelves, Set of 4, Carbonized Black, Multifunctional Wall-Mounted Shelves for Living Room, Bathroom, Kitchen, or Bedroom","https://m.media-amazon.com/images/I/71-08Qs1YQL._AC_UL320_.jpg","https://amazon.com/YGEOMER-Floating-Carbonized-Multifunctional-Wall-Mounted/dp/B08NSFV92Z/ref=sr_1_6?crid=36QNR0DBY6M7J&keywords=shelves&qid=1636345252&qsid=146-4874834-4552204&refresh=1&sprefix=s%2Caps%2C309&sr=8-6&sres=B01LYBQXRH%2CB07281KYSS%2CB082CS6JVK%2CB08NSFV92Z%2CB074NH61RT%2CB0895Z7BZY%2CB014OE6JCU%2CB07PQHNXMJ%2CB08HLJCYYX%2CB081XZR5FY%2CB07B656H5P%2CB0083ESFA2%2CB01GIJBK50%2CB088ZYNX1J%2CB08XC211KF%2CB093BB5YHS%2CB077GQ87NP%2CB08R8GF1XR%2CB08LNCJ2H6%2CB004EJY806&srpt=SHELF","$26.99","791","4.4 out of 5 stars"
"Furinno 5-Cube Open Shelf, White","https://m.media-amazon.com/images/I/61oD6Jvp8TL._AC_UL320_.jpg","https://amazon.com/Furinno-5-Cube-Shelf-White-11069WH/dp/B074NH61RT/ref=sr_1_7?crid=36QNR0DBY6M7J&keywords=shelves&qid=1636345252&qsid=146-4874834-4552204&refresh=1&sprefix=s%2Caps%2C309&sr=8-7&sres=B01LYBQXRH%2CB07281KYSS%2CB082CS6JVK%2CB08NSFV92Z%2CB074NH61RT%2CB0895Z7BZY%2CB014OE6JCU%2CB07PQHNXMJ%2CB08HLJCYYX%2CB081XZR5FY%2CB07B656H5P%2CB0083ESFA2%2CB01GIJBK50%2CB088ZYNX1J%2CB08XC211KF%2CB093BB5YHS%2CB077GQ87NP%2CB08R8GF1XR%2CB08LNCJ2H6%2CB004EJY806&srpt=SHELF","$28.67$79.99","7,811","4.2 out of 5 stars"
"Original Black & Yellow 4-Tier Storage Shelving Unit, Indoor/Outdoor","https://m.media-amazon.com/images/I/41nlWUHTPCL._AC_UL320_.jpg","https://amazon.com/Original-Yellow-Storage-Shelving-Outdoor/dp/B0895Z7BZY/ref=sr_1_8?crid=36QNR0DBY6M7J&keywords=shelves&qid=1636345252&qsid=146-4874834-4552204&refresh=1&sprefix=s%2Caps%2C309&sr=8-8&sres=B01LYBQXRH%2CB07281KYSS%2CB082CS6JVK%2CB08NSFV92Z%2CB074NH61RT%2CB0895Z7BZY%2CB014OE6JCU%2CB07PQHNXMJ%2CB08HLJCYYX%2CB081XZR5FY%2CB07B656H5P%2CB0083ESFA2%2CB01GIJBK50%2CB088ZYNX1J%2CB08XC211KF%2CB093BB5YHS%2CB077GQ87NP%2CB08R8GF1XR%2CB08LNCJ2H6%2CB004EJY806&srpt=SHELF","$105.00","3,540","4.5 out of 5 stars"
"Hardware & Outdoor Heavy Duty Garage Shelf Steel Metal Storage 5 Level Adjustable Shelves Unit 72" H x 48" W x 24" Deep","https://m.media-amazon.com/images/I/81efC8LeYqS._AC_UL320_.jpg","https://amazon.com/Heavy-Garage-Storage-Adjustable-Shelves/dp/B014OE6JCU/ref=sr_1_9?crid=36QNR0DBY6M7J&keywords=shelves&qid=1636345252&qsid=146-4874834-4552204&refresh=1&sprefix=s%2Caps%2C309&sr=8-9&sres=B01LYBQXRH%2CB07281KYSS%2CB082CS6JVK%2CB08NSFV92Z%2CB074NH61RT%2CB0895Z7BZY%2CB014OE6JCU%2CB07PQHNXMJ%2CB08HLJCYYX%2CB081XZR5FY%2CB07B656H5P%2CB0083ESFA2%2CB01GIJBK50%2CB088ZYNX1J%2CB08XC211KF%2CB093BB5YHS%2CB077GQ87NP%2CB08R8GF1XR%2CB08LNCJ2H6%2CB004EJY806&srpt=SHELF","$109.99","1,992","4.2 out of 5 stars"
"Furinno Turn-N-Tube 5-Tier Multipurpose Shelf Display Rack, Single, Dark Cherry/Black","https://m.media-amazon.com/images/I/61GVZUs1-oL._AC_UL320_.jpg","https://amazon.com/Furinno-17091DC-BK-Turn-N-Tube-Display/dp/B07PQHNXMJ/ref=sr_1_10?crid=36QNR0DBY6M7J&keywords=shelves&qid=1636345252&qsid=146-4874834-4552204&refresh=1&sprefix=s%2Caps%2C309&sr=8-10&sres=B01LYBQXRH%2CB07281KYSS%2CB082CS6JVK%2CB08NSFV92Z%2CB074NH61RT%2CB0895Z7BZY%2CB014OE6JCU%2CB07PQHNXMJ%2CB08HLJCYYX%2CB081XZR5FY%2CB07B656H5P%2CB0083ESFA2%2CB01GIJBK50%2CB088ZYNX1J%2CB08XC211KF%2CB093BB5YHS%2CB077GQ87NP%2CB08R8GF1XR%2CB08LNCJ2H6%2CB004EJY806&srpt=SHELF","$38.29$69.99","8,859","4.5 out of 5 stars"
"Klvied Floating Shelves Wall Mounted Set of 4, Rustic Wood Wall Shelves, Storage Shelves for Bedroom, Living Room, Bathroom, Kitchen, Office and More, Carbonized Black","https://m.media-amazon.com/images/I/712kVBA-oBL._AC_UL320_.jpg","https://amazon.com/Klvied-Floating-Shelves-Bathroom-Carbonized/dp/B08HLJCYYX/ref=sr_1_11?crid=36QNR0DBY6M7J&keywords=shelves&qid=1636345252&qsid=146-4874834-4552204&refresh=1&sprefix=s%2Caps%2C309&sr=8-11&sres=B01LYBQXRH%2CB07281KYSS%2CB082CS6JVK%2CB08NSFV92Z%2CB074NH61RT%2CB0895Z7BZY%2CB014OE6JCU%2CB07PQHNXMJ%2CB08HLJCYYX%2CB081XZR5FY%2CB07B656H5P%2CB0083ESFA2%2CB01GIJBK50%2CB088ZYNX1J%2CB08XC211KF%2CB093BB5YHS%2CB077GQ87NP%2CB08R8GF1XR%2CB08LNCJ2H6%2CB004EJY806&srpt=SHELF","$25.98$35.99","3,788","4.5 out of 5 stars"
"YOHKOH 6 Wire Shelving Steel Storage Rack Adjustable Unit Shelves for Laundry Bathroom Kitchen Pantry Closet 16.6" Width x 63" Height x 11.8" Depth, Black","https://m.media-amazon.com/images/I/51dk4SZ51US._AC_UL320_.jpg","https://amazon.com/YOHKOH-Shelving-Storage-Adjustable-Bathroom/dp/B081XZR5FY/ref=sr_1_12?crid=36QNR0DBY6M7J&keywords=shelves&qid=1636345252&qsid=146-4874834-4552204&refresh=1&sprefix=s%2Caps%2C309&sr=8-12&sres=B01LYBQXRH%2CB07281KYSS%2CB082CS6JVK%2CB08NSFV92Z%2CB074NH61RT%2CB0895Z7BZY%2CB014OE6JCU%2CB07PQHNXMJ%2CB08HLJCYYX%2CB081XZR5FY%2CB07B656H5P%2CB0083ESFA2%2CB01GIJBK50%2CB088ZYNX1J%2CB08XC211KF%2CB093BB5YHS%2CB077GQ87NP%2CB08R8GF1XR%2CB08LNCJ2H6%2CB004EJY806&srpt=SHELF","$42.99$59.98","2,529","4.6 out of 5 stars"
"SINGAYE 5 Tier Storage Rack Wire Shelving Unit Storage Shelves Metal for Pantry Closet Kitchen Laundry 660Lbs Capacity 23.6" L x 14" W x 59.1" H Silver","https://m.media-amazon.com/images/I/61vqnW4PzQS._AC_UL320_.jpg","https://amazon.com/SINGAYE-Storage-Shelving-Shelves-Kitchen/dp/B07B656H5P/ref=sr_1_13?crid=36QNR0DBY6M7J&keywords=shelves&qid=1636345252&qsid=146-4874834-4552204&refresh=1&sprefix=s%2Caps%2C309&sr=8-13&sres=B01LYBQXRH%2CB07281KYSS%2CB082CS6JVK%2CB08NSFV92Z%2CB074NH61RT%2CB0895Z7BZY%2CB014OE6JCU%2CB07PQHNXMJ%2CB08HLJCYYX%2CB081XZR5FY%2CB07B656H5P%2CB0083ESFA2%2CB01GIJBK50%2CB088ZYNX1J%2CB08XC211KF%2CB093BB5YHS%2CB077GQ87NP%2CB08R8GF1XR%2CB08LNCJ2H6%2CB004EJY806&srpt=SHELF","$62.39","5,242","4.4 out of 5 stars"
"Gracious Living 14" x 32" x 54.5" 4-Shelf Tier Resin Multi-Purpose Medium Duty Indoor Garage Storage Organizer Shelves, Black","https://m.media-amazon.com/images/I/61n5rmfDqBL._AC_UL320_.jpg","https://amazon.com/Gracious-Living-Medium-Shelf-Black/dp/B0083ESFA2/ref=sr_1_14?crid=36QNR0DBY6M7J&keywords=shelves&qid=1636345252&qsid=146-4874834-4552204&refresh=1&sprefix=s%2Caps%2C309&sr=8-14&sres=B01LYBQXRH%2CB07281KYSS%2CB082CS6JVK%2CB08NSFV92Z%2CB074NH61RT%2CB0895Z7BZY%2CB014OE6JCU%2CB07PQHNXMJ%2CB08HLJCYYX%2CB081XZR5FY%2CB07B656H5P%2CB0083ESFA2%2CB01GIJBK50%2CB088ZYNX1J%2CB08XC211KF%2CB093BB5YHS%2CB077GQ87NP%2CB08R8GF1XR%2CB08LNCJ2H6%2CB004EJY806&srpt=SHELF","$43.99$83.99","4,547","4.6 out of 5 stars"
"Armocity 5-Tier Bookshelf, Double Wide Bookcase and Corner Bookshelves Open Display Shelves, 64 Inch Tall Industrial Book Shelf and Display Rack for Living Room, Bedroom, Home Office, Rustic Brown","https://m.media-amazon.com/images/I/71Eerm-2IdL._AC_UL320_.jpg","https://amazon.com/gp/slredirect/picassoRedirect.html/ref=pa_sp_mtf_aps_sr_pg1_1?ie=UTF8&adId=A03590503BI85XKNAXYK0&url=%2FArmocity-Bookshelf-Bookcase-Bookshelves-Industrial%2Fdp%2FB09FST9WDH%2Fref%3Dsr_1_15_sspa%3Fcrid%3D36QNR0DBY6M7J%26keywords%3Dshelves%26qid%3D1636345252%26refresh%3D1%26sprefix%3Ds%252Caps%252C309%26sr%3D8-15-spons%26psc%3D1&qualifier=1636345253&id=6343534374233994&widgetName=sp_mtf","$129.99"
"Corner Shelf, Greenco 5 Tier Floating Shelves for Wall, Easy-to-Assemble Wall Mount Corner Shelves for Bedrooms and Living Rooms, Espresso Finish","https://m.media-amazon.com/images/I/71mpX94M9RL._AC_UL320_.jpg","https://amazon.com/Greenco-Corner-Shelves-Espresso-Finish/dp/B01GIJBK50/ref=sr_1_16?crid=36QNR0DBY6M7J&keywords=shelves&qid=1636345252&qsid=146-4874834-4552204&refresh=1&sprefix=s%2Caps%2C309&sr=8-16&sres=B01LYBQXRH%2CB07281KYSS%2CB082CS6JVK%2CB08NSFV92Z%2CB074NH61RT%2CB0895Z7BZY%2CB014OE6JCU%2CB07PQHNXMJ%2CB08HLJCYYX%2CB081XZR5FY%2CB07B656H5P%2CB0083ESFA2%2CB01GIJBK50%2CB088ZYNX1J%2CB08XC211KF%2CB093BB5YHS%2CB077GQ87NP%2CB08R8GF1XR%2CB08LNCJ2H6%2CB004EJY806&srpt=SHELF","$16.86$29.99","39,152","4.5 out of 5 stars"
"AMADA HOMEFURNISHING White Floating Shelves Invisible Wall Mounted 3 Sets, Modern Faux Wood Storage Shelves with Matte Finish, Perfect for Bedroom, Bathroom, Living Room and Kitchen Decoration, AMFS08","https://m.media-amazon.com/images/I/51KZ83JQJ5L._AC_UL320_.jpg","https://amazon.com/Floating-Shelves-Invisible-Mounted-Bathroom/dp/B088ZYNX1J/ref=sr_1_17?crid=36QNR0DBY6M7J&keywords=shelves&qid=1636345252&qsid=146-4874834-4552204&refresh=1&sprefix=s%2Caps%2C309&sr=8-17&sres=B01LYBQXRH%2CB07281KYSS%2CB082CS6JVK%2CB08NSFV92Z%2CB074NH61RT%2CB0895Z7BZY%2CB014OE6JCU%2CB07PQHNXMJ%2CB08HLJCYYX%2CB081XZR5FY%2CB07B656H5P%2CB0083ESFA2%2CB01GIJBK50%2CB088ZYNX1J%2CB08XC211KF%2CB093BB5YHS%2CB077GQ87NP%2CB08R8GF1XR%2CB08LNCJ2H6%2CB004EJY806&srpt=SHELF","$33.99$45.99","2,062","4.5 out of 5 stars"
"Wallniture Ponza Wood Floating Shelves for Wall Storage, Natural Burned Small Bookshelf Set of 5","https://m.media-amazon.com/images/I/71GzlPJXsvL._AC_UL320_.jpg","https://amazon.com/Wallniture-Floating-Shelves-Storage-Bookshelf/dp/B08XC211KF/ref=sr_1_18?crid=36QNR0DBY6M7J&keywords=shelves&qid=1636345252&qsid=146-4874834-4552204&refresh=1&sprefix=s%2Caps%2C309&sr=8-18&sres=B01LYBQXRH%2CB07281KYSS%2CB082CS6JVK%2CB08NSFV92Z%2CB074NH61RT%2CB0895Z7BZY%2CB014OE6JCU%2CB07PQHNXMJ%2CB08HLJCYYX%2CB081XZR5FY%2CB07B656H5P%2CB0083ESFA2%2CB01GIJBK50%2CB088ZYNX1J%2CB08XC211KF%2CB093BB5YHS%2CB077GQ87NP%2CB08R8GF1XR%2CB08LNCJ2H6%2CB004EJY806&srpt=SHELF","$34.99","1,023","4.5 out of 5 stars"
"Floating Shelves Wall Mounted, LiviNGPAi Natural Wood Shelves for Wall, Storage Shelves for Bedroom, Living Room, Bathroom, Kitchen, Office, Floating Shelf with Towel Holder, Set of 4","https://m.media-amazon.com/images/I/71YpQWghpBS._AC_UL320_.jpg","https://amazon.com/Floating-Shelves-Mounted-LiviNGPAi-Bathroom/dp/B093BB5YHS/ref=sr_1_19?crid=36QNR0DBY6M7J&keywords=shelves&qid=1636345252&qsid=146-4874834-4552204&refresh=1&sprefix=s%2Caps%2C309&sr=8-19&sres=B01LYBQXRH%2CB07281KYSS%2CB082CS6JVK%2CB08NSFV92Z%2CB074NH61RT%2CB0895Z7BZY%2CB014OE6JCU%2CB07PQHNXMJ%2CB08HLJCYYX%2CB081XZR5FY%2CB07B656H5P%2CB0083ESFA2%2CB01GIJBK50%2CB088ZYNX1J%2CB08XC211KF%2CB093BB5YHS%2CB077GQ87NP%2CB08R8GF1XR%2CB08LNCJ2H6%2CB004EJY806&srpt=SHELF","$34.99$49.99","336","4.6 out of 5 stars"
"Love-KANKEI Floating Shelves Wall Mounted Set of 3, Rustic Wood Wall Storage Shelves for Bedroom, Living Room, Bathroom, Kitchen, Office and More Carbonized Black","https://m.media-amazon.com/images/I/61ab5OV1oPL._AC_UL320_.jpg","https://amazon.com/Love-KANKEI-Floating-Shelves-Mounted-Bathroom/dp/B077GQ87NP/ref=sr_1_20?crid=36QNR0DBY6M7J&keywords=shelves&qid=1636345252&qsid=146-4874834-4552204&refresh=1&sprefix=s%2Caps%2C309&sr=8-20&sres=B01LYBQXRH%2CB07281KYSS%2CB082CS6JVK%2CB08NSFV92Z%2CB074NH61RT%2CB0895Z7BZY%2CB014OE6JCU%2CB07PQHNXMJ%2CB08HLJCYYX%2CB081XZR5FY%2CB07B656H5P%2CB0083ESFA2%2CB01GIJBK50%2CB088ZYNX1J%2CB08XC211KF%2CB093BB5YHS%2CB077GQ87NP%2CB08R8GF1XR%2CB08LNCJ2H6%2CB004EJY806&srpt=SHELF","$19.99$28.99","46,175","4.5 out of 5 stars"
"HOMEDANT 5-tier Metal Shelving Unit Adjustable Garage Storage Utility Rack Heavy Duty Shelves Organization Multipurpose Shelf Warehouse Basement Kitchen Living Room 35.9"L x 16.2"W x 71.3"H, 1 Pack","https://m.media-amazon.com/images/I/61aemUuBkAL._AC_UL320_.jpg","https://amazon.com/HOMEDANT-Adjustable-Organization-Multipurpose-Warehouse/dp/B08R8GF1XR/ref=sr_1_21?crid=36QNR0DBY6M7J&keywords=shelves&qid=1636345252&qsid=146-4874834-4552204&refresh=1&sprefix=s%2Caps%2C309&sr=8-21&sres=B01LYBQXRH%2CB07281KYSS%2CB082CS6JVK%2CB08NSFV92Z%2CB074NH61RT%2CB0895Z7BZY%2CB014OE6JCU%2CB07PQHNXMJ%2CB08HLJCYYX%2CB081XZR5FY%2CB07B656H5P%2CB0083ESFA2%2CB01GIJBK50%2CB088ZYNX1J%2CB08XC211KF%2CB093BB5YHS%2CB077GQ87NP%2CB08R8GF1XR%2CB08LNCJ2H6%2CB004EJY806&srpt=SHELF","$104.99","155","4.4 out of 5 stars"
"CRUGLA Floating Shelves Wall Mounted Set of 3, Hanging Storage Shelf for Bathroom, Living Room, Bedroom, Office","https://m.media-amazon.com/images/I/71CF+VMWSIL._AC_UL320_.jpg","https://amazon.com/CRUGLA-Floating-Shelves-Wall-Mounted/dp/B08LNCJ2H6/ref=sr_1_22?crid=36QNR0DBY6M7J&keywords=shelves&qid=1636345252&qsid=146-4874834-4552204&refresh=1&sprefix=s%2Caps%2C309&sr=8-22&sres=B01LYBQXRH%2CB07281KYSS%2CB082CS6JVK%2CB08NSFV92Z%2CB074NH61RT%2CB0895Z7BZY%2CB014OE6JCU%2CB07PQHNXMJ%2CB08HLJCYYX%2CB081XZR5FY%2CB07B656H5P%2CB0083ESFA2%2CB01GIJBK50%2CB088ZYNX1J%2CB08XC211KF%2CB093BB5YHS%2CB077GQ87NP%2CB08R8GF1XR%2CB08LNCJ2H6%2CB004EJY806&srpt=SHELF","$24.99$29.99","978","4.7 out of 5 stars"
"Furinno (99557EX/BK) Turn-N-Tube 4-Tier Multipurpose Shelf Display Rack - Espresso/Black","https://m.media-amazon.com/images/I/61ocmcQFlBL._AC_UL320_.jpg","https://amazon.com/Furinno-99557EX-BK-Turn-N-Tube-Multipurpose/dp/B004EJY806/ref=sr_1_23?crid=36QNR0DBY6M7J&keywords=shelves&qid=1636345252&qsid=146-4874834-4552204&refresh=1&sprefix=s%2Caps%2C309&sr=8-23&sres=B01LYBQXRH%2CB07281KYSS%2CB082CS6JVK%2CB08NSFV92Z%2CB074NH61RT%2CB0895Z7BZY%2CB014OE6JCU%2CB07PQHNXMJ%2CB08HLJCYYX%2CB081XZR5FY%2CB07B656H5P%2CB0083ESFA2%2CB01GIJBK50%2CB088ZYNX1J%2CB08XC211KF%2CB093BB5YHS%2CB077GQ87NP%2CB08R8GF1XR%2CB08LNCJ2H6%2CB004EJY806&srpt=SHELF","$25.12$33.02","27,997","4.5 out of 5 stars"
"Baobab Workshop Floating Wood Shelves Set of 2 - Rustic Shelf 16 inch - Handcrafted in Europe - Wide Wooden Wall Shelves for Living Room Bedroom Kitchen Bathroom Farmhouse - Walnut Color - 16" x 6.7"","https://m.media-amazon.com/images/I/91IjO+hIi7S._AC_UL320_.jpg","https://amazon.com/BAOBAB-WORKSHOP-Floating-Shelves-Rustic/dp/B084ZSWM7W/ref=sr_1_24?crid=36QNR0DBY6M7J&keywords=shelves&qid=1636345252&qsid=146-4874834-4552204&refresh=1&sprefix=s%2Caps%2C309&sr=8-24&sres=B01LYBQXRH%2CB07281KYSS%2CB082CS6JVK%2CB08NSFV92Z%2CB074NH61RT%2CB0895Z7BZY%2CB014OE6JCU%2CB07PQHNXMJ%2CB08HLJCYYX%2CB081XZR5FY%2CB07B656H5P%2CB0083ESFA2%2CB01GIJBK50%2CB088ZYNX1J%2CB08XC211KF%2CB093BB5YHS%2CB077GQ87NP%2CB08R8GF1XR%2CB08LNCJ2H6%2CB004EJY806&srpt=SHELF","$47.99$55.99","919","4.8 out of 5 stars"
"Giftgarden 36 Inch Large Floating Shelves for Wall Set of 3, Rustic Picture Ledge Wall Shelf for Bedroom Kitchen Bathroom Living Room Nursery Display, 3 Different Sizes","https://m.media-amazon.com/images/I/61ynaP1iZlS._AC_UL320_.jpg","https://amazon.com/Giftgarden-Floating-Shelves-Picture-Bathroom/dp/B087RG2L6L/ref=sr_1_25?crid=36QNR0DBY6M7J&keywords=shelves&qid=1636345252&qsid=146-4874834-4552204&refresh=1&sprefix=s%2Caps%2C309&sr=8-25&sres=B01LYBQXRH%2CB07281KYSS%2CB082CS6JVK%2CB08NSFV92Z%2CB074NH61RT%2CB0895Z7BZY%2CB014OE6JCU%2CB07PQHNXMJ%2CB08HLJCYYX%2CB081XZR5FY%2CB07B656H5P%2CB0083ESFA2%2CB01GIJBK50%2CB088ZYNX1J%2CB08XC211KF%2CB093BB5YHS%2CB077GQ87NP%2CB08R8GF1XR%2CB08LNCJ2H6%2CB004EJY806&srpt=SHELF","$48.99","4,742","4.6 out of 5 stars"
"AMADA HOMEFURNISHING Floating Shelves White, Wall Shelf Deep L24xW9 Set of 2 for Living Room, Bedroom, Bathroom, Kitchen Storage, AMFS06","https://m.media-amazon.com/images/I/51O7nJZoRGL._AC_UL320_.jpg","https://amazon.com/White-Floating-Shelves-Decoration-Bathroom/dp/B08MWF8BXN/ref=sr_1_26?crid=36QNR0DBY6M7J&keywords=shelves&qid=1636345252&qsid=146-4874834-4552204&refresh=1&sprefix=s%2Caps%2C309&sr=8-26&sres=B01LYBQXRH%2CB07281KYSS%2CB082CS6JVK%2CB08NSFV92Z%2CB074NH61RT%2CB0895Z7BZY%2CB014OE6JCU%2CB07PQHNXMJ%2CB08HLJCYYX%2CB081XZR5FY%2CB07B656H5P%2CB0083ESFA2%2CB01GIJBK50%2CB088ZYNX1J%2CB08XC211KF%2CB093BB5YHS%2CB077GQ87NP%2CB08R8GF1XR%2CB08LNCJ2H6%2CB004EJY806&srpt=SHELF","$36.99$48.99","1,849","4.4 out of 5 stars"
"Rustic Wood Floating Shelves Wall Mounted Farmhouse Wooden Wall Shelf for Bathroom Kitchen Bedroom Living Room Set of 4 Light Brown","https://m.media-amazon.com/images/I/81lFWx9G54L._AC_UL320_.jpg","https://amazon.com/Floating-Shelves-Mounted-Farmhouse-Bathroom/dp/B09377G1ZZ/ref=sr_1_27?crid=36QNR0DBY6M7J&keywords=shelves&qid=1636345252&qsid=146-4874834-4552204&refresh=1&sprefix=s%2Caps%2C309&sr=8-27&sres=B01LYBQXRH%2CB07281KYSS%2CB082CS6JVK%2CB08NSFV92Z%2CB074NH61RT%2CB0895Z7BZY%2CB014OE6JCU%2CB07PQHNXMJ%2CB08HLJCYYX%2CB081XZR5FY%2CB07B656H5P%2CB0083ESFA2%2CB01GIJBK50%2CB088ZYNX1J%2CB08XC211KF%2CB093BB5YHS%2CB077GQ87NP%2CB08R8GF1XR%2CB08LNCJ2H6%2CB004EJY806&srpt=SHELF","$19.99","7","4.6 out of 5 stars"
"Industrial Pipe Clothing Rack Wall Mounted with Real Wood Shelf,Pipe Shelving Floating Shelves Wall Shelf,Rustic Retail Garment Rack Display Rack Cloths Rack,42in Steam punk Commercial Clothes Racks","https://m.media-amazon.com/images/I/71ZpQe39uPL._AC_UL320_.jpg","https://amazon.com/gp/slredirect/picassoRedirect.html/ref=pa_sp_mtf_aps_sr_pg1_1?ie=UTF8&adId=A0800639270L79SXB7ITH&url=%2FIndustrial-Clothing-Shelving-Floating-Commercial%2Fdp%2FB08QVF4795%2Fref%3Dsr_1_28_sspa%3Fcrid%3D36QNR0DBY6M7J%26keywords%3Dshelves%26qid%3D1636345252%26refresh%3D1%26sprefix%3Ds%252Caps%252C309%26sr%3D8-28-spons%26psc%3D1&qualifier=1636345253&id=6343534374233994&widgetName=sp_mtf","$137.49","8","4.2 out of 5 stars"
"Triple Wide 6-Tier Bookcase, Vintage Wooden Free Standing Bookshelf with Adjustable Feet, Industrial Open Display Shelves Etagere Book Shelves for Home Office, Dark Brown","https://m.media-amazon.com/images/I/715fwOHZisS._AC_UL320_.jpg","https://amazon.com/gp/slredirect/picassoRedirect.html/ref=pa_sp_mtf_aps_sr_pg1_1?ie=UTF8&adId=A067135726OG05J6KZGY8&url=%2FBookcase-Standing-Bookshelf-Adjustable-Industrial%2Fdp%2FB09GYN9FWB%2Fref%3Dsr_1_29_sspa%3Fcrid%3D36QNR0DBY6M7J%26keywords%3Dshelves%26qid%3D1636345252%26refresh%3D1%26sprefix%3Ds%252Caps%252C309%26sr%3D8-29-spons%26psc%3D1&qualifier=1636345253&id=6343534374233994&widgetName=sp_mtf","$129.99","5","3.8 out of 5 stars"
"YUMORE Folding Shelf Brackets 16", Max Load: 330lb Heavy Duty Stainless Steel Collapsible Shelf Bracket for Table Work Bench, Space Saving DIY Bracket, Pack of 2","https://m.media-amazon.com/images/I/61jj3r3EoCL._AC_UL320_.jpg","https://amazon.com/gp/slredirect/picassoRedirect.html/ref=pa_sp_mtf_aps_sr_pg1_1?ie=UTF8&adId=A012864439BTE6RPAWMB1&url=%2FYUMORE-Folding-Shelf-Brackets-Load%2Fdp%2FB07V8HHNV9%2Fref%3Dsr_1_30_sspa%3Fcrid%3D36QNR0DBY6M7J%26keywords%3Dshelves%26qid%3D1636345252%26refresh%3D1%26sprefix%3Ds%252Caps%252C309%26sr%3D8-30-spons%26psc%3D1&qualifier=1636345253&id=6343534374233994&widgetName=sp_mtf","$27.99$39.99","1,802","4.7 out of 5 stars"
"AMADA HOMEFURNISHING Floating Shelves Wall Mounted for Bathroom, Kitchen, Bedroom, Storage Shelf with Towel Holder, Rustic Wood Bathroom Shelf Set of 2, Red Brown-AMFS04","https://m.media-amazon.com/images/I/81ifjhQalYL._AC_UL320_.jpg","https://amazon.com/Floating-Decorative-Removable-Paulownia-Bathroom/dp/B087D1JZ9R/ref=sr_1_31?crid=36QNR0DBY6M7J&keywords=shelves&qid=1636345252&qsid=146-4874834-4552204&refresh=1&sprefix=s%2Caps%2C309&sr=8-31&sres=B01LYBQXRH%2CB07281KYSS%2CB082CS6JVK%2CB08NSFV92Z%2CB074NH61RT%2CB0895Z7BZY%2CB014OE6JCU%2CB07PQHNXMJ%2CB08HLJCYYX%2CB081XZR5FY%2CB07B656H5P%2CB0083ESFA2%2CB01GIJBK50%2CB088ZYNX1J%2CB08XC211KF%2CB093BB5YHS%2CB077GQ87NP%2CB08R8GF1XR%2CB08LNCJ2H6%2CB004EJY806&srpt=SHELF","$18.99","7,206","4.5 out of 5 stars"
"ZGO Floating Shelves for Wall Set of 2, Wall Mounted Storage Shelves with Black Metal Frame and Towel Rack for Bathroom, Bedroom, Living Room, Kitchen, Office (Washed White)…","https://m.media-amazon.com/images/I/71ynLqD9--L._AC_UL320_.jpg","https://amazon.com/ZGO-Floating-Shelves-Mounted-Bathroom/dp/B098NDFJX7/ref=sr_1_32?crid=36QNR0DBY6M7J&keywords=shelves&qid=1636345252&qsid=146-4874834-4552204&refresh=1&sprefix=s%2Caps%2C309&sr=8-32&sres=B01LYBQXRH%2CB07281KYSS%2CB082CS6JVK%2CB08NSFV92Z%2CB074NH61RT%2CB0895Z7BZY%2CB014OE6JCU%2CB07PQHNXMJ%2CB08HLJCYYX%2CB081XZR5FY%2CB07B656H5P%2CB0083ESFA2%2CB01GIJBK50%2CB088ZYNX1J%2CB08XC211KF%2CB093BB5YHS%2CB077GQ87NP%2CB08R8GF1XR%2CB08LNCJ2H6%2CB004EJY806&srpt=SHELF","$24.99","3,632","4.6 out of 5 stars"
"Floating Shelves Wall Mounted 17-Inch - Thick Handmade Set of Dark Brown Wooden Shelf, Natural Rustic Farmhouse Acacia Hard Wood, Solid Shelving for Kitchen, Bathroom, Bedroom Decor - 2 Pack","https://m.media-amazon.com/images/I/71aYUHA6FiL._AC_UL320_.jpg","https://amazon.com/Sophia-Mills-Floating-Wood-Shelves/dp/B08DPXTM3C/ref=sr_1_33?crid=36QNR0DBY6M7J&keywords=shelves&qid=1636345252&qsid=146-4874834-4552204&refresh=1&sprefix=s%2Caps%2C309&sr=8-33&sres=B01LYBQXRH%2CB07281KYSS%2CB082CS6JVK%2CB08NSFV92Z%2CB074NH61RT%2CB0895Z7BZY%2CB014OE6JCU%2CB07PQHNXMJ%2CB08HLJCYYX%2CB081XZR5FY%2CB07B656H5P%2CB0083ESFA2%2CB01GIJBK50%2CB088ZYNX1J%2CB08XC211KF%2CB093BB5YHS%2CB077GQ87NP%2CB08R8GF1XR%2CB08LNCJ2H6%2CB004EJY806&srpt=SHELF","$49.99","527","4.7 out of 5 stars"
"BAMFOX Floating Shelves Set of 2，Natural Bamboo Wall Shelf Wall Mounted Shelves，Wall Mount Display Rack with Large Storage L23 x W6 for Kitchen Living Room Bathroom Bedroom","https://m.media-amazon.com/images/I/81-n1h8Oi6L._AC_UL320_.jpg","https://amazon.com/BAMFOX-Floating-2%EF%BC%8CNatural-Shelves%EF%BC%8CWall-Bathroom/dp/B07WRQ9B1B/ref=sr_1_34?crid=36QNR0DBY6M7J&keywords=shelves&qid=1636345252&qsid=146-4874834-4552204&refresh=1&sprefix=s%2Caps%2C309&sr=8-34&sres=B01LYBQXRH%2CB07281KYSS%2CB082CS6JVK%2CB08NSFV92Z%2CB074NH61RT%2CB0895Z7BZY%2CB014OE6JCU%2CB07PQHNXMJ%2CB08HLJCYYX%2CB081XZR5FY%2CB07B656H5P%2CB0083ESFA2%2CB01GIJBK50%2CB088ZYNX1J%2CB08XC211KF%2CB093BB5YHS%2CB077GQ87NP%2CB08R8GF1XR%2CB08LNCJ2H6%2CB004EJY806&srpt=SHELF","$46.98","1,319","4.3 out of 5 stars"
"Love-KANKEI Floating Shelves Rustic Shelves Wall Mounted Set of 3 Wall Storage Shelves for Living Room, Bedroom, Kitchen Carbonized Black","https://m.media-amazon.com/images/I/71MOkJMWeRS._AC_UL320_.jpg","https://amazon.com/Love-KANKEI-Floating-Shelves-Mounted-Carbonized/dp/B07XNXVKDZ/ref=sr_1_35?crid=36QNR0DBY6M7J&keywords=shelves&qid=1636345252&qsid=146-4874834-4552204&refresh=1&sprefix=s%2Caps%2C309&sr=8-35&sres=B01LYBQXRH%2CB07281KYSS%2CB082CS6JVK%2CB08NSFV92Z%2CB074NH61RT%2CB0895Z7BZY%2CB014OE6JCU%2CB07PQHNXMJ%2CB08HLJCYYX%2CB081XZR5FY%2CB07B656H5P%2CB0083ESFA2%2CB01GIJBK50%2CB088ZYNX1J%2CB08XC211KF%2CB093BB5YHS%2CB077GQ87NP%2CB08R8GF1XR%2CB08LNCJ2H6%2CB004EJY806&srpt=SHELF","$19.99$29.98","4,329","4.3 out of 5 stars"
"Haton Bookshelf, 5 Tier Industrial Rustic Wood Bookcase, Modern Standing Metal Frame Book Shelf for Living Room, Bedroom and Office, 5-Shelf, Brown/Black","https://m.media-amazon.com/images/I/71AXWYBqcmS._AC_UL320_.jpg","https://amazon.com/Haton-Bookshelf-Industrial-Bookcase-Standing/dp/B092VBCZH1/ref=sr_1_36?crid=36QNR0DBY6M7J&keywords=shelves&qid=1636345252&qsid=146-4874834-4552204&refresh=1&sprefix=s%2Caps%2C309&sr=8-36&sres=B01LYBQXRH%2CB07281KYSS%2CB082CS6JVK%2CB08NSFV92Z%2CB074NH61RT%2CB0895Z7BZY%2CB014OE6JCU%2CB07PQHNXMJ%2CB08HLJCYYX%2CB081XZR5FY%2CB07B656H5P%2CB0083ESFA2%2CB01GIJBK50%2CB088ZYNX1J%2CB08XC211KF%2CB093BB5YHS%2CB077GQ87NP%2CB08R8GF1XR%2CB08LNCJ2H6%2CB004EJY806&srpt=SHELF","$89.99$94.73","2,590","4.7 out of 5 stars"
"5 Wire Shelving Metal Rack Adjustable Unit Storage Shelves for Laundry Bathroom Kitchen Pantry Closet Silver","https://m.media-amazon.com/images/I/513fslKdDlS._AC_UL320_.jpg","https://amazon.com/YOHKOH-Shelving-Adjustable-Storage-Bathroom/dp/B081DGR4KV/ref=sr_1_37?crid=36QNR0DBY6M7J&keywords=shelves&qid=1636345252&qsid=146-4874834-4552204&refresh=1&sprefix=s%2Caps%2C309&sr=8-37&sres=B01LYBQXRH%2CB07281KYSS%2CB082CS6JVK%2CB08NSFV92Z%2CB074NH61RT%2CB0895Z7BZY%2CB014OE6JCU%2CB07PQHNXMJ%2CB08HLJCYYX%2CB081XZR5FY%2CB07B656H5P%2CB0083ESFA2%2CB01GIJBK50%2CB088ZYNX1J%2CB08XC211KF%2CB093BB5YHS%2CB077GQ87NP%2CB08R8GF1XR%2CB08LNCJ2H6%2CB004EJY806&srpt=SHELF","$36.99","1,300","4.4 out of 5 stars"
"White Floating Shelves for Wall Set of 2, HIPPIH Rustic Cedar Wood Floating Shelf with Rails & Towel Holder, Decorative Storage Floating Shelves for Bathroom, Living Room, Kitchen and Bedroom","https://m.media-amazon.com/images/I/71xv2RNf0nS._AC_UL320_.jpg","https://amazon.com/HIPPIH-Floating-Shelves-Decorative-Bathroom/dp/B08FHTZHBZ/ref=sr_1_38?crid=36QNR0DBY6M7J&keywords=shelves&qid=1636345252&qsid=146-4874834-4552204&refresh=1&sprefix=s%2Caps%2C309&sr=8-38&sres=B01LYBQXRH%2CB07281KYSS%2CB082CS6JVK%2CB08NSFV92Z%2CB074NH61RT%2CB0895Z7BZY%2CB014OE6JCU%2CB07PQHNXMJ%2CB08HLJCYYX%2CB081XZR5FY%2CB07B656H5P%2CB0083ESFA2%2CB01GIJBK50%2CB088ZYNX1J%2CB08XC211KF%2CB093BB5YHS%2CB077GQ87NP%2CB08R8GF1XR%2CB08LNCJ2H6%2CB004EJY806&srpt=SHELF","$18.89","2,507","4.7 out of 5 stars"
"AMADA HOMEFURNISHING White Floating Shelves U-Shaped, Wall Mounted Shelf 3 Sizes, Storage Wall Shelves for Bathroom, Bedroom, Living Room and Kitchen, AMFS13-W","https://m.media-amazon.com/images/I/51jb2bB5uZL._AC_UL320_.jpg","https://amazon.com/Amada-Mounted-U-Shaped-Floating-Shelves/dp/B088ZH365Q/ref=sr_1_39?crid=36QNR0DBY6M7J&keywords=shelves&qid=1636345252&qsid=146-4874834-4552204&refresh=1&sprefix=s%2Caps%2C309&sr=8-39&sres=B01LYBQXRH%2CB07281KYSS%2CB082CS6JVK%2CB08NSFV92Z%2CB074NH61RT%2CB0895Z7BZY%2CB014OE6JCU%2CB07PQHNXMJ%2CB08HLJCYYX%2CB081XZR5FY%2CB07B656H5P%2CB0083ESFA2%2CB01GIJBK50%2CB088ZYNX1J%2CB08XC211KF%2CB093BB5YHS%2CB077GQ87NP%2CB08R8GF1XR%2CB08LNCJ2H6%2CB004EJY806&srpt=SHELF","$15.98$22.99","2,834","4.5 out of 5 stars"
"AMADA HOMEFURNISHING White Floating Shelves - Wall Mounted Shelf with Triangle Golden Metal Brackets for Living Room, Bedroom, Kitchen Set of 3, AMFS12","https://m.media-amazon.com/images/I/61+n4H04QuL._AC_UL320_.jpg","https://amazon.com/White-Floating-Shelves-Triangle-HOMEFURNISHING/dp/B08BCKMBLG/ref=sr_1_40?crid=36QNR0DBY6M7J&keywords=shelves&qid=1636345252&qsid=146-4874834-4552204&refresh=1&sprefix=s%2Caps%2C309&sr=8-40&sres=B01LYBQXRH%2CB07281KYSS%2CB082CS6JVK%2CB08NSFV92Z%2CB074NH61RT%2CB0895Z7BZY%2CB014OE6JCU%2CB07PQHNXMJ%2CB08HLJCYYX%2CB081XZR5FY%2CB07B656H5P%2CB0083ESFA2%2CB01GIJBK50%2CB088ZYNX1J%2CB08XC211KF%2CB093BB5YHS%2CB077GQ87NP%2CB08R8GF1XR%2CB08LNCJ2H6%2CB004EJY806&srpt=SHELF","$29.99$45.99","2,297","4.5 out of 5 stars"
"TomCare Cube Storage 12-Cube Bookshelf Closet Organizer Storage Shelves Shelf Cubes Organizer Plastic Book Shelf Bookcase DIY Square Closet Cabinet Shelves for Bedroom Office Living Room, Black","https://m.media-amazon.com/images/I/51f8uV3i+VL._AC_UL320_.jpg","https://amazon.com/TomCare-Storage-Bookshelf-Organizer-Bookcase/dp/B07G453HF4/ref=sr_1_41?crid=36QNR0DBY6M7J&keywords=shelves&qid=1636345252&qsid=146-4874834-4552204&refresh=1&sprefix=s%2Caps%2C309&sr=8-41&sres=B01LYBQXRH%2CB07281KYSS%2CB082CS6JVK%2CB08NSFV92Z%2CB074NH61RT%2CB0895Z7BZY%2CB014OE6JCU%2CB07PQHNXMJ%2CB08HLJCYYX%2CB081XZR5FY%2CB07B656H5P%2CB0083ESFA2%2CB01GIJBK50%2CB088ZYNX1J%2CB08XC211KF%2CB093BB5YHS%2CB077GQ87NP%2CB08R8GF1XR%2CB08LNCJ2H6%2CB004EJY806&srpt=SHELF","$42.49$49.99","8,750","4.5 out of 5 stars"
"Sorbus Floating Shelf Set — Rustic Wood Hanging Rectangle Wall Shelves — Perfect for Home Décor, Trophy Display, Photo Frames, and More (3-Pack, Grey)","https://m.media-amazon.com/images/I/810ZkYSbjmL._AC_UL320_.jpg","https://amazon.com/Sorbus-Floating-Shelf-Set-Rectangle/dp/B07PV3H4WQ/ref=sr_1_42?crid=36QNR0DBY6M7J&keywords=shelves&qid=1636345252&qsid=146-4874834-4552204&refresh=1&sprefix=s%2Caps%2C309&sr=8-42&sres=B01LYBQXRH%2CB07281KYSS%2CB082CS6JVK%2CB08NSFV92Z%2CB074NH61RT%2CB0895Z7BZY%2CB014OE6JCU%2CB07PQHNXMJ%2CB08HLJCYYX%2CB081XZR5FY%2CB07B656H5P%2CB0083ESFA2%2CB01GIJBK50%2CB088ZYNX1J%2CB08XC211KF%2CB093BB5YHS%2CB077GQ87NP%2CB08R8GF1XR%2CB08LNCJ2H6%2CB004EJY806&srpt=SHELF","$27.99","3,766","4.6 out of 5 stars"
"BAMEOS Floating Shelf ,Wall Shelf,Decor Wall Mounted Shelves ,Hanging Shelf Set L24xW6 for Bathroom Kitchen Living ,Kitchen,Room Bedroom Storage,Black","https://m.media-amazon.com/images/I/81oti5p8nXL._AC_UL320_.jpg","https://amazon.com/BAMEOS-Floating-Mounted-Shelves-Bathroom/dp/B08CVRQ85G/ref=sr_1_43?crid=36QNR0DBY6M7J&keywords=shelves&qid=1636345252&qsid=146-4874834-4552204&refresh=1&sprefix=s%2Caps%2C309&sr=8-43&sres=B01LYBQXRH%2CB07281KYSS%2CB082CS6JVK%2CB08NSFV92Z%2CB074NH61RT%2CB0895Z7BZY%2CB014OE6JCU%2CB07PQHNXMJ%2CB08HLJCYYX%2CB081XZR5FY%2CB07B656H5P%2CB0083ESFA2%2CB01GIJBK50%2CB088ZYNX1J%2CB08XC211KF%2CB093BB5YHS%2CB077GQ87NP%2CB08R8GF1XR%2CB08LNCJ2H6%2CB004EJY806&srpt=SHELF","$32.99","2,887","4.4 out of 5 stars"
"TEN49 Industrial Wood Shelf - 48" Special Walnut Rustic Wooden Wall Shelves with Iron Pipes - Contemporary Interior Decor Floating Shelving with Pipe Brackets - Farmhouse Style Bookshelf Set of 2","https://m.media-amazon.com/images/I/71ExE8KIo4L._AC_UL320_.jpg","https://amazon.com/TEN49-Industrial-Wood-Shelf-Contemporary/dp/B07R3H7NFG/ref=sr_1_44?crid=36QNR0DBY6M7J&keywords=shelves&qid=1636345252&qsid=146-4874834-4552204&refresh=1&sprefix=s%2Caps%2C309&sr=8-44&sres=B01LYBQXRH%2CB07281KYSS%2CB082CS6JVK%2CB08NSFV92Z%2CB074NH61RT%2CB0895Z7BZY%2CB014OE6JCU%2CB07PQHNXMJ%2CB08HLJCYYX%2CB081XZR5FY%2CB07B656H5P%2CB0083ESFA2%2CB01GIJBK50%2CB088ZYNX1J%2CB08XC211KF%2CB093BB5YHS%2CB077GQ87NP%2CB08R8GF1XR%2CB08LNCJ2H6%2CB004EJY806&srpt=SHELF","$149.49","643","4.6 out of 5 stars"
"Gracious Living 12" x 24" x 48" 4-Shelf Tier Resin Multi-Purpose Light Duty Indoor Garage Storage Organizer Shelves, Black","https://m.media-amazon.com/images/I/71Q2tgOHOsL._AC_UL320_.jpg","https://amazon.com/Gracious-Living-4-Shelf-Light-Shelf/dp/B0083ESFAM/ref=sr_1_45?crid=36QNR0DBY6M7J&keywords=shelves&qid=1636345252&qsid=146-4874834-4552204&refresh=1&sprefix=s%2Caps%2C309&sr=8-45&sres=B01LYBQXRH%2CB07281KYSS%2CB082CS6JVK%2CB08NSFV92Z%2CB074NH61RT%2CB0895Z7BZY%2CB014OE6JCU%2CB07PQHNXMJ%2CB08HLJCYYX%2CB081XZR5FY%2CB07B656H5P%2CB0083ESFA2%2CB01GIJBK50%2CB088ZYNX1J%2CB08XC211KF%2CB093BB5YHS%2CB077GQ87NP%2CB08R8GF1XR%2CB08LNCJ2H6%2CB004EJY806&srpt=SHELF","$30.99","5,030","4.4 out of 5 stars"
"SRIWATANA Floating Shelves Wall Mounted, Solid Wood Wall Shelves, White","https://m.media-amazon.com/images/I/61E7HMcVf+L._AC_UL320_.jpg","https://amazon.com/SRIWATANA-Floating-Shelves-Mounted-Washed/dp/B07XC75B69/ref=sr_1_46?crid=36QNR0DBY6M7J&keywords=shelves&qid=1636345252&qsid=146-4874834-4552204&refresh=1&sprefix=s%2Caps%2C309&sr=8-46&sres=B01LYBQXRH%2CB07281KYSS%2CB082CS6JVK%2CB08NSFV92Z%2CB074NH61RT%2CB0895Z7BZY%2CB014OE6JCU%2CB07PQHNXMJ%2CB08HLJCYYX%2CB081XZR5FY%2CB07B656H5P%2CB0083ESFA2%2CB01GIJBK50%2CB088ZYNX1J%2CB08XC211KF%2CB093BB5YHS%2CB077GQ87NP%2CB08R8GF1XR%2CB08LNCJ2H6%2CB004EJY806&srpt=SHELF","$13.59$22.99","19,516","4.4 out of 5 stars"
"Floating Shelves Wall Mounted,Natural Bamboo Small 16 Inch Wall Shelves,Wood Rustic Decor Storage Hanging Bookshelves for Bathroom,Bedroom,Kitchen,Office,Farmhouse (Nature Color)","https://m.media-amazon.com/images/I/7115JraQXnL._AC_UL320_.jpg","https://amazon.com/Floating-Decorative-Waterproof-Mounting-Brackets/dp/B07Q4L49FD/ref=sr_1_47?crid=36QNR0DBY6M7J&keywords=shelves&qid=1636345252&qsid=146-4874834-4552204&refresh=1&sprefix=s%2Caps%2C309&sr=8-47&sres=B01LYBQXRH%2CB07281KYSS%2CB082CS6JVK%2CB08NSFV92Z%2CB074NH61RT%2CB0895Z7BZY%2CB014OE6JCU%2CB07PQHNXMJ%2CB08HLJCYYX%2CB081XZR5FY%2CB07B656H5P%2CB0083ESFA2%2CB01GIJBK50%2CB088ZYNX1J%2CB08XC211KF%2CB093BB5YHS%2CB077GQ87NP%2CB08R8GF1XR%2CB08LNCJ2H6%2CB004EJY806&srpt=SHELF","$29.99","310","4.0 out of 5 stars"
"Weiai Clear Acrylic Shelf 15" Invisible Floating Wall Ledge Bookshelf, Kids Book Display Shelves Wall Mounted (15 Inch 3Pack)","https://m.media-amazon.com/images/I/51btf2BOUUL._AC_UL320_.jpg","https://amazon.com/Weiai-Acrylic-Invisible-Floating-Bookshelf/dp/B08B3CKZVP/ref=sr_1_48?crid=36QNR0DBY6M7J&keywords=shelves&qid=1636345252&qsid=146-4874834-4552204&refresh=1&sprefix=s%2Caps%2C309&sr=8-48&sres=B01LYBQXRH%2CB07281KYSS%2CB082CS6JVK%2CB08NSFV92Z%2CB074NH61RT%2CB0895Z7BZY%2CB014OE6JCU%2CB07PQHNXMJ%2CB08HLJCYYX%2CB081XZR5FY%2CB07B656H5P%2CB0083ESFA2%2CB01GIJBK50%2CB088ZYNX1J%2CB08XC211KF%2CB093BB5YHS%2CB077GQ87NP%2CB08R8GF1XR%2CB08LNCJ2H6%2CB004EJY806&srpt=SHELF","$18.98$24.99","2,024","4.7 out of 5 stars"
"BAMEOS Floating Shelves, Rustic Wood Wall Storage Shelves, Wall Mounted Shelf Organizer Set of 3 for Living Room, Bedroom, Kitchen, Bathroom, Office (Carbonized Brown)","https://m.media-amazon.com/images/I/911+9uKzVGL._AC_UL320_.jpg","https://amazon.com/BAMEOS-Floating-Shelves-Organizer-Bathroom/dp/B08CVSGS8G/ref=sr_1_49?crid=36QNR0DBY6M7J&keywords=shelves&qid=1636345252&qsid=146-4874834-4552204&refresh=1&sprefix=s%2Caps%2C309&sr=8-49&sres=B01LYBQXRH%2CB07281KYSS%2CB082CS6JVK%2CB08NSFV92Z%2CB074NH61RT%2CB0895Z7BZY%2CB014OE6JCU%2CB07PQHNXMJ%2CB08HLJCYYX%2CB081XZR5FY%2CB07B656H5P%2CB0083ESFA2%2CB01GIJBK50%2CB088ZYNX1J%2CB08XC211KF%2CB093BB5YHS%2CB077GQ87NP%2CB08R8GF1XR%2CB08LNCJ2H6%2CB004EJY806&srpt=SHELF","$23.99","1,244","4.4 out of 5 stars"
"YOHKOH 5-Wire Shelving Metal Storage Rack Adjustable Shelves for Laundry Bathroom Kitchen Pantry Closet (Black) (16.6L x 11.8W x 48H, Black)","https://m.media-amazon.com/images/I/512wt24q2JS._AC_UL320_.jpg","https://amazon.com/YOHKOH-Shelving-Storage-Adjustable-Bathroom/dp/B07HQC3W9D/ref=sr_1_50?crid=36QNR0DBY6M7J&keywords=shelves&qid=1636345252&qsid=146-4874834-4552204&refresh=1&sprefix=s%2Caps%2C309&sr=8-50&sres=B01LYBQXRH%2CB07281KYSS%2CB082CS6JVK%2CB08NSFV92Z%2CB074NH61RT%2CB0895Z7BZY%2CB014OE6JCU%2CB07PQHNXMJ%2CB08HLJCYYX%2CB081XZR5FY%2CB07B656H5P%2CB0083ESFA2%2CB01GIJBK50%2CB088ZYNX1J%2CB08XC211KF%2CB093BB5YHS%2CB077GQ87NP%2CB08R8GF1XR%2CB08LNCJ2H6%2CB004EJY806&srpt=SHELF","$36.99","11,206","4.4 out of 5 stars"
"Labcosi White Floating Shelves for Bathroom, Bedroom, Living Room, Kitchen, 2-Pack Solid Wood Wall Shelf Over Toilet, Modern Décor","https://m.media-amazon.com/images/I/71s5INHA0nL._AC_UL320_.jpg","https://amazon.com/Labcosi-Floating-Shelves-Organizer-Bathroom/dp/B081C8YZ5D/ref=sr_1_51?crid=36QNR0DBY6M7J&keywords=shelves&qid=1636345252&qsid=146-4874834-4552204&refresh=1&sprefix=s%2Caps%2C309&sr=8-51&sres=B01LYBQXRH%2CB07281KYSS%2CB082CS6JVK%2CB08NSFV92Z%2CB074NH61RT%2CB0895Z7BZY%2CB014OE6JCU%2CB07PQHNXMJ%2CB08HLJCYYX%2CB081XZR5FY%2CB07B656H5P%2CB0083ESFA2%2CB01GIJBK50%2CB088ZYNX1J%2CB08XC211KF%2CB093BB5YHS%2CB077GQ87NP%2CB08R8GF1XR%2CB08LNCJ2H6%2CB004EJY806&srpt=SHELF","$26.99$29.99","2,241","4.7 out of 5 stars"
"BAMFOX Floating Wall Shelf Set of 2,Natural Bamboo Wall Decor Storage Shelf，Wall Mount Display Rack for Bedroom, Living Room, Bathroom, Kitchen, Office and More","https://m.media-amazon.com/images/I/71x3DUJtJbL._AC_UL320_.jpg","https://amazon.com/BAMFOX-Floating-Natural-Shelf%EF%BC%8CWall-Bathroom/dp/B07WTVBZF7/ref=sr_1_52?crid=36QNR0DBY6M7J&keywords=shelves&qid=1636345252&qsid=146-4874834-4552204&refresh=1&sprefix=s%2Caps%2C309&sr=8-52&sres=B01LYBQXRH%2CB07281KYSS%2CB082CS6JVK%2CB08NSFV92Z%2CB074NH61RT%2CB0895Z7BZY%2CB014OE6JCU%2CB07PQHNXMJ%2CB08HLJCYYX%2CB081XZR5FY%2CB07B656H5P%2CB0083ESFA2%2CB01GIJBK50%2CB088ZYNX1J%2CB08XC211KF%2CB093BB5YHS%2CB077GQ87NP%2CB08R8GF1XR%2CB08LNCJ2H6%2CB004EJY806&srpt=SHELF","$32.99","2,085","4.4 out of 5 stars"
"Sorbus Floating Shelf Large 24 x 9 - Hanging Wall Shelves Decoration — Perfect Trophy Display, Photo Frames — Extra Long 24 Inch (White)","https://m.media-amazon.com/images/I/71cUO6leDdL._AC_UL320_.jpg","https://amazon.com/Sorbus-Floating-Shelves-Hanging-Decoration/dp/B077FBDGLD/ref=sr_1_53?crid=36QNR0DBY6M7J&keywords=shelves&qid=1636345252&qsid=146-4874834-4552204&refresh=1&sprefix=s%2Caps%2C309&sr=8-53&sres=B01LYBQXRH%2CB07281KYSS%2CB082CS6JVK%2CB08NSFV92Z%2CB074NH61RT%2CB0895Z7BZY%2CB014OE6JCU%2CB07PQHNXMJ%2CB08HLJCYYX%2CB081XZR5FY%2CB07B656H5P%2CB0083ESFA2%2CB01GIJBK50%2CB088ZYNX1J%2CB08XC211KF%2CB093BB5YHS%2CB077GQ87NP%2CB08R8GF1XR%2CB08LNCJ2H6%2CB004EJY806&srpt=SHELF","$29.99$54.99","4,358","4.4 out of 5 stars"
"BAYKA Black Wall Shelves for Bedroom, Wall Mounted Floating Wall Shelves for Living Room Storage, Rustic Wood Floating Shelves for Kids Books, Small Shelf for Bathroom, Office, Laundry Room, Kitchen","https://m.media-amazon.com/images/I/71p2mTLWfGL._AC_UL320_.jpg","https://amazon.com/BAYKA-Floating-Shelves-Mounted-Bathroom/dp/B08J6NQMQ5/ref=sr_1_54?crid=36QNR0DBY6M7J&keywords=shelves&qid=1636345252&qsid=146-4874834-4552204&refresh=1&sprefix=s%2Caps%2C309&sr=8-54&sres=B01LYBQXRH%2CB07281KYSS%2CB082CS6JVK%2CB08NSFV92Z%2CB074NH61RT%2CB0895Z7BZY%2CB014OE6JCU%2CB07PQHNXMJ%2CB08HLJCYYX%2CB081XZR5FY%2CB07B656H5P%2CB0083ESFA2%2CB01GIJBK50%2CB088ZYNX1J%2CB08XC211KF%2CB093BB5YHS%2CB077GQ87NP%2CB08R8GF1XR%2CB08LNCJ2H6%2CB004EJY806&srpt=SHELF","$29.99","4,134","4.6 out of 5 stars"
"Amazon Basics 6-Cube Wire Grid Storage Shelves, 14" x 14" Stackable Cubes, Black","https://m.media-amazon.com/images/I/917wmkYaf7L._AC_UL320_.jpg","https://amazon.com/gp/slredirect/picassoRedirect.html/ref=pa_sp_btf_aps_sr_pg1_1?ie=UTF8&adId=A09590192LMVKBO3BWXAE&url=%2FAmazonBasics-Cube-Storage-Shelves-Black%2Fdp%2FB0735GRJXY%2Fref%3Dsr_1_55_sspa%3Fcrid%3D36QNR0DBY6M7J%26keywords%3Dshelves%26qid%3D1636345252%26refresh%3D1%26sprefix%3Ds%252Caps%252C309%26sr%3D8-55-spons%26psc%3D1&qualifier=1636345253&id=6343534374233994&widgetName=sp_btf","$34.99","18,113","4.5 out of 5 stars"
"Industrial Pipe Clothing Rack Wall Mounted with Real Wood Shelf,Pipe Shelving Floating Shelves Wall Shelf,Rustic Retail Garment Rack Display Rack Cloths Rack,48in Steam Punk Commercial Clothes Racks","https://m.media-amazon.com/images/I/61o8-eYeaCL._AC_UL320_.jpg","https://amazon.com/gp/slredirect/picassoRedirect.html/ref=pa_sp_btf_aps_sr_pg1_1?ie=UTF8&adId=A080192332XL0SQ7YM81A&url=%2FIndustrial-Clothing-Shelving-Floating-Commercial%2Fdp%2FB08QVM7NPQ%2Fref%3Dsr_1_56_sspa%3Fcrid%3D36QNR0DBY6M7J%26keywords%3Dshelves%26qid%3D1636345252%26refresh%3D1%26sprefix%3Ds%252Caps%252C309%26sr%3D8-56-spons%26psc%3D1&qualifier=1636345253&id=6343534374233994&widgetName=sp_btf","$119.99","31","4.5 out of 5 stars"
"Devo Storage Shelves 6 Tier Adjustable Wire Shelving Unit, Metal Shelf Rack for Kitchen/Pantry/Laundry Home Organizer, Shelves for Storage 21.3 x 11.4 x 63 Inch(L x W x H)","https://m.media-amazon.com/images/I/61NCvsoDhLS._AC_UL320_.jpg","https://amazon.com/gp/slredirect/picassoRedirect.html/ref=pa_sp_btf_aps_sr_pg1_1?ie=UTF8&adId=A04631862D8O90UOY9CN&url=%2FDevo-Storage-Adjustable-Shelving-Organizer%2Fdp%2FB0986W1TK9%2Fref%3Dsr_1_57_sspa%3Fcrid%3D36QNR0DBY6M7J%26keywords%3Dshelves%26qid%3D1636345252%26refresh%3D1%26sprefix%3Ds%252Caps%252C309%26sr%3D8-57-spons%26psc%3D1%26smid%3DA3SQRUQSZUZUWG&qualifier=1636345253&id=6343534374233994&widgetName=sp_btf","$73.99","199","4.5 out of 5 stars"
"Sauder Beginnings 3-Shelf Bookcase, Brook Cherry finish","https://m.media-amazon.com/images/I/81rFlZjiV1L._AC_UL320_.jpg","https://amazon.com/gp/slredirect/picassoRedirect.html/ref=pa_sp_btf_aps_sr_pg1_1?ie=UTF8&adId=A09115602RQV64Q0FHJVA&url=%2FSauder-416438-Beginnings-3-Shelf-Bookcase%2Fdp%2FB00NOXX89A%2Fref%3Dsr_1_58_sspa%3Fcrid%3D36QNR0DBY6M7J%26keywords%3Dshelves%26qid%3D1636345252%26refresh%3D1%26sprefix%3Ds%252Caps%252C309%26sr%3D8-58-spons%26psc%3D1&qualifier=1636345253&id=6343534374233994&widgetName=sp_btf","$43.99","2,049","4.4 out of 5 stars"
"Ladder Shelf, 4 Tier Book Shelves, Industrial Ladder Bookshelf Storage Rack Shelves, Wooden Look Furniture Rack Bookshelves with Metal Frame for Living Room, Bedroom, Office","https://m.media-amazon.com/images/I/61UEoMf8fcL._AC_UL320_.jpg","https://amazon.com/gp/slredirect/picassoRedirect.html/ref=pa_sp_btf_aps_sr_pg1_1?ie=UTF8&adId=A1032448BPK4476UNIV5&url=%2FShelves-Industrial-Bookshelf-Furniture-Bookshelves%2Fdp%2FB09CYZR4NF%2Fref%3Dsr_1_59_sspa%3Fcrid%3D36QNR0DBY6M7J%26keywords%3Dshelves%26qid%3D1636345252%26refresh%3D1%26sprefix%3Ds%252Caps%252C309%26sr%3D8-59-spons%26psc%3D1&qualifier=1636345253&id=6343534374233994&widgetName=sp_btf","$65.99","16","4.3 out of 5 stars"
"Flrrtenv 4 Shelves Bookshelf，4 Tier Etagere Bookcase Storage Shelf for Home Office (Light Walnut Brown, 23.62 inches)","https://m.media-amazon.com/images/I/71doJjt1G4L._AC_UL320_.jpg","https://amazon.com/gp/slredirect/picassoRedirect.html/ref=pa_sp_btf_aps_sr_pg1_1?ie=UTF8&adId=A033566921CELCU3DGV9W&url=%2FFlrrtenv-Shelves-Bookshelf%25EF%25BC%258C4-Etagere-Bookcase%2Fdp%2FB08P76VGK9%2Fref%3Dsr_1_60_sspa%3Fcrid%3D36QNR0DBY6M7J%26keywords%3Dshelves%26qid%3D1636345252%26refresh%3D1%26sprefix%3Ds%252Caps%252C309%26sr%3D8-60-spons%26psc%3D1&qualifier=1636345253&id=6343534374233994&widgetName=sp_btf","$59.99","76","4.3 out of 5 stars"